Term,Definition,used by,contexts used,Related terms,Linked Content,Related Partner,Anticipated Response,Translation (ES),Other suggested terms,Created time,Glossary (PT),Last edited time,Review Status
¯\(ツ)/¯,"""Ow shucks, I don't know""","Core team, Internal only, app users, developers (external), field teams, funders, international partners, local partners, technical accompaniment, volunteers","ASCII, internal only, public - universal",,,,Find out if there is need to find a response and gauge priority,,,"May 12, 2020 10:24 AM",,"April 26, 2024 9:50 AM",Not started
About CoMapeo,"A CoMapeo Settings option that opens the screen that displays information about CoMapeo, the current version installed, link to release updates, and a way to provide feedback.","app users, comms, field teams, technical accompaniment",CoMapeo,,"CoMapeo Glossary Updates 2025 #1 @April 15, 2025 (https://www.notion.so/CoMapeo-Glossary-Updates-2025-1-1bc1b08162d58080bbdaf65b08c85b48?pvs=21)  ",,,,,"June 30, 2025 7:42 PM",,"November 25, 2025 8:19 PM",Approved
activity,"has a definition in terms of funding / project proposals (goal, objective, aims, activities, outputs) - a coherent action with beginning and end. Could sometimes be a really big item (a week long international training trip) or could be an afternoon workshop - depends a bit on the funder  and how they are defining things and also how granular we need/want to get. 
There might be other definitions though for partners",,programs management,trip (https://www.notion.so/trip-2f7f1a35260640e6a3fb52985cb680ee?pvs=21),,,,actividad (https://www.notion.so/actividad-7977660fd3464db6a4c8ebcaf6f472b2?pvs=21),,"December 2, 2022 9:25 AM",,"October 3, 2023 9:02 PM",Not started
AEA or TOA,All Eyes on the Amazon - Project,"Core team, funders, international partners",ACRONYM,,"AEA (https://www.notion.so/AEA-c1f4edfd38b540438cb114dafa4fc3c8?pvs=21) ",,,,,"August 18, 2020 4:00 PM",,"November 30, 2025 5:44 PM",Not started
AESS,"Accountability, Equity and Safer Spaces ",Awana Digital,"ACRONYM, internal only",,,,,,,"November 27, 2023 6:33 PM",,"April 26, 2024 9:45 AM",Not started
AF or AC/AF,Amazon Frontlines - partner in Ecuador,Core team,ACRONYM,,,AC/AF | Partnership (https://www.notion.so/AC-AF-Partnership-1cdce312ee094f71a7a65c1f306c5d78?pvs=21),,,,"November 10, 2020 3:37 PM",,"April 26, 2024 9:43 AM",Not started
affiliate,,,programs management,,,,,,,"December 2, 2022 9:29 AM",,"July 12, 2023 3:57 PM",Not started
Agile Methodology,"The Agile methodology is project management frameworks that break projects down into smaller phases, known as sprints. Agile relies on iterative cycles, allowing teams to adapt to changes and regularly refine their work.",Design and Development team,Dev,,,,,,,"February 13, 2025 5:25 PM",,"July 17, 2025 7:43 PM",Not started
agreements (a.k.a community agreements),,,"""HR""",,,,,,,"December 14, 2022 1:28 PM",,"July 12, 2023 3:57 PM",Not started
All Projects,"A Menu option that opens the All Projects when tapped. 

All Projects displays a list of projects currently on the device. 

Any person using CoMapeo can create a New Project from the All Projects screen.","app users, comms, field teams, technical accompaniment",CoMapeo,,"CoMapeo Glossary Updates 2025 #1 @April 15, 2025 (https://www.notion.so/CoMapeo-Glossary-Updates-2025-1-1bc1b08162d58080bbdaf65b08c85b48?pvs=21)  ",,,,,"June 30, 2025 7:42 PM",,"July 17, 2025 7:28 PM",Approved
ally,,,programs management,,,,,aliado (https://www.notion.so/aliado-a861c96a374d427fb369bf79dcf48e04?pvs=21),,"December 2, 2022 9:29 AM",,"July 12, 2023 3:57 PM",Not started
APK,"Android Package Kit : APK files, also called here ""Installation files”  have a .apk https://www.notion.so/complete-reference-guide/glossary-and-quick-reference-sheets/glossary-of-mapeo-related-terms#file-extension and can be used by Android phones to distribute and install mobile https://www.notion.so/complete-reference-guide/glossary-and-quick-reference-sheets/glossary-of-mapeo-related-terms#application-app
.","Core team, Design and Development team, app users, developers (external)","ACRONYM, Dev, public - universal",,https://docs.mapeo.app/complete-reference-guide/glossary-and-quick-reference-sheets/glossary-of-mapeo-related-terms#apk,,,,,"January 19, 2023 3:52 PM",,"July 17, 2025 7:43 PM",Not started
App dev w/ partners,,,,,,,,,,"November 27, 2023 6:22 PM",,"January 8, 2024 5:36 PM",Not started
App Shell,Application shell is a mobile app which render a portion of the app with only components necessary to launch an application but with no data (or fake data). This will display the skeleton of the UI and the main components needed for easier user testing.,"Design and Development team, tool testers",Dev,Mapeo 6 (https://www.notion.so/Mapeo-6-80e769d8fb8141e299e6e2f0ed892b73?pvs=21),,,,,,"March 14, 2023 11:23 AM",,"July 17, 2025 7:43 PM",Not started
Area of work,,,programs management,,,,,,,"December 8, 2022 12:17 PM",,"July 12, 2023 3:57 PM",Not started
Audio (Audio Recording),A feature that enables a person to record audio and attach it to an Observation.,"app users, comms, field teams, technical accompaniment",CoMapeo,,"CoMapeo Glossary Updates 2025 #1 @April 15, 2025 (https://www.notion.so/CoMapeo-Glossary-Updates-2025-1-1bc1b08162d58080bbdaf65b08c85b48?pvs=21)  ",,,,,"June 30, 2025 7:42 PM",,"November 25, 2025 8:09 PM",Approved
Bike rack,The place we park ideas and questions that are outside the scope of a discussion or focus of a team or committee,,,,,,,,,"December 6, 2022 2:56 PM",,"July 12, 2023 3:57 PM",Not started
bucket,,,programs management,,,,,,,"December 8, 2022 12:12 PM",,"July 12, 2023 3:58 PM",Not started
bug,Bugs are errors or defects in the code or design of a product that cause it to behave differently from the expected or intended results.,"Core team, Design and Development team, developers (external), technical accompaniment","Dev, MAPEO issue, external but private, funder reporting, prioritizing, training","debug (https://www.notion.so/debug-db2106c552964af1a077ac4b6f7ba9f2?pvs=21), Issues (https://www.notion.so/Issues-5e0ce3145ca447068b9b5d18810064d5?pvs=21), Fixes (https://www.notion.so/Fixes-2bee60ceb3c5489995d92024ea56ea90?pvs=21)",,,,,,"May 12, 2020 10:24 AM",,"July 17, 2025 7:43 PM",Not started
Camera,The third tab on the lower nav bar that opens the device’s camera and enables a person to start a new use observation by taking a photo.,"app users, comms, field teams, technical accompaniment",CoMapeo,,"CoMapeo Glossary Updates 2025 #1 @April 15, 2025 (https://www.notion.so/CoMapeo-Glossary-Updates-2025-1-1bc1b08162d58080bbdaf65b08c85b48?pvs=21)  ",,,,,"June 30, 2025 7:42 PM",,"July 17, 2025 7:28 PM",Approved
Categories / Category,Pre-defined labels for organizing Observations within a Project.,"app users, comms, field teams, technical accompaniment",CoMapeo,,"CoMapeo Glossary Updates 2025 #1 @April 15, 2025 (https://www.notion.so/CoMapeo-Glossary-Updates-2025-1-1bc1b08162d58080bbdaf65b08c85b48?pvs=21)  ",,,,,"June 30, 2025 7:42 PM",,"July 17, 2025 7:28 PM",Approved
Categories Set,"Previously known as Config, Categories Set are files that contain and define the distinct Categories for a Project.","app users, comms, field teams, technical accompaniment",CoMapeo,,"CoMapeo Glossary Updates 2025 #1 @April 15, 2025 (https://www.notion.so/CoMapeo-Glossary-Updates-2025-1-1bc1b08162d58080bbdaf65b08c85b48?pvs=21)  ",,,,,"June 30, 2025 7:42 PM",,"July 17, 2025 7:28 PM",Approved
Choose File,"Internally known as File Picker, this feature enables anyone using CoMapeo to upload a custom Background Map to their device only.","app users, comms, field teams, technical accompaniment",CoMapeo,,"CoMapeo Glossary Updates 2025 #1 @April 15, 2025 (https://www.notion.so/CoMapeo-Glossary-Updates-2025-1-1bc1b08162d58080bbdaf65b08c85b48?pvs=21)  ",,,,,"June 30, 2025 7:42 PM",,"July 17, 2025 7:28 PM",Approved
Cloud API,,,"CM Post-MVP, CoMapeo",,,,,,,"May 29, 2024 5:07 PM",,"May 29, 2024 5:07 PM",Not started
Cloud Sync?,The term we use instead is Remote Archive,,"CM Post-MVP, CoMapeo",,,,,,,"May 23, 2024 2:28 PM",,"July 17, 2025 7:49 PM",Out of date / depreciated
Collaborators,A secondary term that describes devices working on the same project.,"app users, comms, field teams, technical accompaniment",CoMapeo,,"CoMapeo Glossary Updates 2025 #1 @April 15, 2025 (https://www.notion.so/CoMapeo-Glossary-Updates-2025-1-1bc1b08162d58080bbdaf65b08c85b48?pvs=21)  ",,,,,"November 25, 2025 8:24 PM",,"November 25, 2025 8:25 PM",Approved
Collecting GPS Sensor Data,,,"CM MVP, CoMapeo",,,,,,,"May 30, 2024 12:46 PM",,"May 30, 2024 1:02 PM",Not started
Collecting Photo Meta Data,,,"CM MVP, CoMapeo",,,,,,,"May 30, 2024 12:46 PM",,"May 30, 2024 1:02 PM",Not started
CoMapeo Settings (formerly App Settings),"A Menu option that opens CoMapeo’s settings which can be adjusted by an individual to fit their preferences and needs for their specific device. This includes units, background maps, and Early Access. These settings are used across all projects on the device, but they do not change the settings of other devices on the same projects.","app users, comms, field teams, technical accompaniment",CoMapeo,,"CoMapeo Glossary Updates 2025 #1 @April 15, 2025 (https://www.notion.so/CoMapeo-Glossary-Updates-2025-1-1bc1b08162d58080bbdaf65b08c85b48?pvs=21)  ",,,,,"June 30, 2025 7:42 PM",,"November 25, 2025 8:13 PM",Waiting for approval
Communications,"Work we do to communicate stories, branding or messaging to public or specific audiences",,,,,,,,,"November 27, 2023 6:21 PM",,"January 8, 2024 5:39 PM",Not started
community,,"funders, international partners, non-profits, social movements",programs management,partner (https://www.notion.so/partner-9d93734086d0492685e4522b04eed7e3?pvs=21),,,,,,"December 14, 2022 1:21 PM",,"July 12, 2023 3:58 PM",Not started
Community Engagement,,,,,,,,,,"November 27, 2023 7:35 PM",,"January 8, 2024 5:36 PM",Not started
community or local(?) partners,"How do we call groups that are using Mapeo and with which we had a small relation? e.g. maybe one or two calls, or maybe just sending links to materials…",,programs management,"partner (https://www.notion.so/partner-9d93734086d0492685e4522b04eed7e3?pvs=21), partnership (https://www.notion.so/partnership-ff7ec64636cb443bb4520cf8653828b9?pvs=21)",,,,,,"December 8, 2022 12:15 PM",,"January 8, 2024 5:37 PM",Not started
Configuration,,Design and Development team,MAPEO,,,,,,,"May 30, 2024 1:01 PM",,"July 17, 2025 7:47 PM",Not started
Connected,A state when CoMapeo has detected nearby devices that are on the same project and same router (or over the internet).,"app users, comms, field teams, technical accompaniment",CoMapeo,,"CoMapeo Glossary Updates 2025 #1 @April 15, 2025 (https://www.notion.so/CoMapeo-Glossary-Updates-2025-1-1bc1b08162d58080bbdaf65b08c85b48?pvs=21)  ",,,,,"June 30, 2025 7:42 PM",,"July 17, 2025 7:28 PM",Approved
Coordinator,The role of a device with permission to adjust the settings of a project and/or invite devices to that project.,"app users, comms, field teams, technical accompaniment",CoMapeo,,"CoMapeo Glossary Updates 2025 #1 @April 15, 2025 (https://www.notion.so/CoMapeo-Glossary-Updates-2025-1-1bc1b08162d58080bbdaf65b08c85b48?pvs=21)  ",,,,,"June 30, 2025 7:42 PM",,"November 25, 2025 8:27 PM",Approved
Coordinator Tools (formerly Project Settings),"The screen where coordinators can adjust a project’s Info, Categories Set, Remote Archive connection, and Project Stats sharing preferences.","app users, comms, field teams, technical accompaniment",CoMapeo,,"CoMapeo Glossary Updates 2025 #1 @April 15, 2025 (https://www.notion.so/CoMapeo-Glossary-Updates-2025-1-1bc1b08162d58080bbdaf65b08c85b48?pvs=21)  ",,,,,"June 30, 2025 7:42 PM",,"November 25, 2025 8:25 PM",Waiting for approval
Current Location,A Map UI element that indicates the device’s current location on the map.,"app users, comms, field teams, technical accompaniment",CoMapeo,,"CoMapeo Glossary Updates 2025 #1 @April 15, 2025 (https://www.notion.so/CoMapeo-Glossary-Updates-2025-1-1bc1b08162d58080bbdaf65b08c85b48?pvs=21)  ",,,,,"June 30, 2025 7:42 PM",,"July 17, 2025 7:28 PM",Approved
Current Project Card,A Menu UI element that indicates the current project being displayed in the main area of the app.,"app users, comms, field teams, technical accompaniment",CoMapeo,,"CoMapeo Glossary Updates 2025 #1 @April 15, 2025 (https://www.notion.so/CoMapeo-Glossary-Updates-2025-1-1bc1b08162d58080bbdaf65b08c85b48?pvs=21)  ",,,,,"June 30, 2025 7:42 PM",,"July 17, 2025 7:28 PM",Approved
data,It refers to information in digital form that can be transmitted or processed.,Design and Development team,"presentations, public - universal, training",,https://docs.mapeo.app/complete-reference-guide/glossary-and-quick-reference-sheets/glossary-of-mapeo-related-terms#data,,,,,"January 19, 2023 3:48 PM",,"April 26, 2024 9:43 AM",Not started
Data & Privacy,An umbrella term that encompasses the span of our policies around gathering device and usage metric measurements.,"app users, comms, field teams, technical accompaniment",CoMapeo,,"CoMapeo Glossary Updates 2025 #1 @April 15, 2025 (https://www.notion.so/CoMapeo-Glossary-Updates-2025-1-1bc1b08162d58080bbdaf65b08c85b48?pvs=21)  ",,,,,"June 30, 2025 7:42 PM",,"July 17, 2025 7:28 PM",Approved
"Data Continuity ","Data continuity is the ability to maintain the availability, integrity, and usability of data across different systems, platforms, and environments.",app users,"CM MVP, CoMapeo, Dev, QA, public - universal, training",Release (https://www.notion.so/Release-7294b9eac1c44b059f499ea8abca2863?pvs=21),,,,,,"May 14, 2024 12:32 PM",,"July 17, 2025 7:43 PM",Not started
debug,things that are not working in software. Fun way to explain software things not working in a jungle context.,Design and Development team,,bug (https://www.notion.so/bug-c91cf3d355144e9eb2c94fce9daab335?pvs=21),,,,,,"October 8, 2020 3:23 PM",,"May 19, 2025 7:34 PM",Not started
deep accompaniment partners,"• Very meaningful and strong relationships (which include agreements, accountability structures, etc.) that have been influencing DD’s work and path and/or we want them to do so in the near future.
    ◦ Examples: Alianza Ceibo, Amazon Frontlines, PUINAMUDT’s federations, ECA Amarakaeri, Luis Tayori, CIPDP, Ohneganos, Engajamundu, Univaja, (please add)",,programs management,"partnership (https://www.notion.so/partnership-ff7ec64636cb443bb4520cf8653828b9?pvs=21), partner (https://www.notion.so/partner-9d93734086d0492685e4522b04eed7e3?pvs=21), local partner (https://www.notion.so/local-partner-3b536f9ab72e4f839fd31bcacadffc37?pvs=21)",,,,,,"December 8, 2022 12:10 PM",,"January 8, 2024 5:40 PM",Not started
deliverable,"A distinct item, outcome, work product related to impact that our team has produced, which we are either specifically accountable to a partner or funder for, OR that in aggregate describes our impact …

Examples include:
-  publications or report
- an event where X number of people were trained","Awana Digital, funders","funder reporting, grant, org onboarding",,,,,,,"July 27, 2023 8:23 PM",,"April 26, 2024 9:45 AM",Not started
Details,"A set of customizable fields attached to a Category, and pre-defined by Project Coordinators, that help Participants gather distinct specifics about an Observation.","app users, comms, field teams, technical accompaniment",CoMapeo,,"CoMapeo Glossary Updates 2025 #1 @April 15, 2025 (https://www.notion.so/CoMapeo-Glossary-Updates-2025-1-1bc1b08162d58080bbdaf65b08c85b48?pvs=21)  ",,,,,"June 30, 2025 7:42 PM",,"November 25, 2025 8:26 PM",Approved
Dev Build,An internal build created by the app dev team during local development,"Design and Development team, Internal only","Dev, QA, internal only","Release Build (https://www.notion.so/Release-Build-19d1b08162d580669441fc61196bb2d0?pvs=21), Release Candidate Build (https://www.notion.so/Release-Candidate-Build-19d1b08162d580f9bba7e6537a1b46ee?pvs=21), Internal Build (https://www.notion.so/Internal-Build-19d1b08162d580689ae8d7e64c4b21d0?pvs=21), Dev Build (https://www.notion.so/Dev-Build-e33b14ebd37941c0b30f8ec0151ba23c?pvs=21), Release (https://www.notion.so/Release-7294b9eac1c44b059f499ea8abca2863?pvs=21)",,,,,,"May 14, 2024 12:22 PM",,"July 17, 2025 7:43 PM",Not started
Device,The supported hardware on which CoMapeo is installed and being used.,"app users, comms, field teams, technical accompaniment",CoMapeo,,"CoMapeo Glossary Updates 2025 #1 @April 15, 2025 (https://www.notion.so/CoMapeo-Glossary-Updates-2025-1-1bc1b08162d58080bbdaf65b08c85b48?pvs=21)  ",,,,,"June 30, 2025 7:42 PM",,"November 25, 2025 8:26 PM",Approved
Device Data (Metrics),"Data measurements about a device gathered with consent by Awana Digital/CoMapeo, specifically [model type, etc.]","app users, comms, field teams, technical accompaniment",CoMapeo,,"CoMapeo Glossary Updates 2025 #1 @April 15, 2025 (https://www.notion.so/CoMapeo-Glossary-Updates-2025-1-1bc1b08162d58080bbdaf65b08c85b48?pvs=21)  ",,,,,"June 30, 2025 7:42 PM",,"July 17, 2025 7:28 PM",Approved
Diagnostics,"Anonymized digital information about a device, app crashes, errors and performance that is shared with Awana Digital. People using CoMapeo can opt-out of sharing this information at any time. This diagnostic information is completely anonymized and it never contains any of our users’ data (the data you have collected with CoMapeo). Diagnostic information does not include data about how users use the app, and it never includes any of the data users have collected with the app. Awana Digital does not collect users’ precise or coarse location, only the country where they are using CoMapeo.","app users, comms, field teams, technical accompaniment",CoMapeo,,"CoMapeo Glossary Updates 2025 #1 @April 15, 2025 (https://www.notion.so/CoMapeo-Glossary-Updates-2025-1-1bc1b08162d58080bbdaf65b08c85b48?pvs=21)  ",,,,,"June 30, 2025 7:42 PM",,"July 17, 2025 7:28 PM",Approved
Disk and Media Management,,,"CM Post-MVP, CoMapeo",,,,,,,"May 20, 2024 5:52 PM",,"May 29, 2024 5:04 PM",Not started
donors,,,programs management,,,,,,,"December 8, 2022 12:13 PM",,"July 12, 2023 3:58 PM",Not started
Early Access,"Currently… Early Access is a term we use to describe the MVP and pre-Named Release stages of CoMapeo Mobile and Desktop which are still under development even if available to try and use.

Coming Soon… Early Access will be an actual opt-in / opt-out feature that allows intermediate and advanced tech users to try out new features currently available for field testing. Devices on the same project might not all be using Early Access and CoMapeo helps facilitate this among participants within a Project.","app users, comms, field teams, technical accompaniment",CoMapeo,,"CoMapeo Glossary Updates 2025 #1 @April 15, 2025 (https://www.notion.so/CoMapeo-Glossary-Updates-2025-1-1bc1b08162d58080bbdaf65b08c85b48?pvs=21)  ",,,,,"June 30, 2025 7:42 PM",,"November 25, 2025 8:18 PM",Waiting for approval
ECA-RCA,ECA Amarakaeri,"Core team, field teams, international partners, local partners, technical accompaniment","ACRONYM, external but private, formal correspondence, grant, prioritizing",,"ECA Amarakaeri (https://www.notion.so/ECA-Amarakaeri-ef016faa598e47438daf2fdb5257fbc6?pvs=21) ",,,,,"August 18, 2020 3:20 PM",,"June 12, 2024 6:20 PM",Not started
EDT,Earth Defenders Toolkit,"Core team, Design and Development team, Internal only","ACRONYM, internal only",,"Earth Defenders Toolkit (https://www.notion.so/Earth-Defenders-Toolkit-8b3d6c98a0e4442da34905d281f2095c?pvs=21) ",,,,,"August 18, 2020 3:42 PM",,"April 26, 2024 9:45 AM",Not started
engagement support,,,,,,,,,,"November 27, 2023 6:22 PM",,"January 8, 2024 5:36 PM",Not started
event,a planned activity (https://www.notion.so/activity-51cc0ee6d21843118f740128c8972694?pvs=21) on specific dates with intended guests,"comms, operations","programs management, public - universal","trip (https://www.notion.so/trip-2f7f1a35260640e6a3fb52985cb680ee?pvs=21), training (https://www.notion.so/training-774e7435d931462698b3d9885e2c34b0?pvs=21), gathering (https://www.notion.so/gathering-bd6a09f850844aa3b996cd3443f0b443?pvs=21), meeting (https://www.notion.so/meeting-561e53c448624c5bb36bf535d9dd1737?pvs=21), workshop (https://www.notion.so/workshop-c472bdd77b13404394f326999a7f41ac?pvs=21)",,,,,,"December 2, 2022 9:23 AM",,"July 12, 2023 3:58 PM",Not started
Exchange,"A Menu option that open Exchange, a feature that enables devices connected to the same router (or over the internet) to easily mutually share new Observations onto each other’s devices.","app users, comms, field teams, technical accompaniment",CoMapeo,,"CoMapeo Glossary Updates 2025 #1 @April 15, 2025 (https://www.notion.so/CoMapeo-Glossary-Updates-2025-1-1bc1b08162d58080bbdaf65b08c85b48?pvs=21)  ",,,,,"June 30, 2025 7:42 PM",,"July 17, 2025 7:28 PM",Approved
Export,A feature that enables a person using CoMapeo to download and move Observation data outside of the app.,"app users, comms, field teams, technical accompaniment",CoMapeo,,"CoMapeo Glossary Updates 2025 #1 @April 15, 2025 (https://www.notion.so/CoMapeo-Glossary-Updates-2025-1-1bc1b08162d58080bbdaf65b08c85b48?pvs=21)  ",,,,,"June 30, 2025 7:42 PM",,"July 17, 2025 7:28 PM",Approved
Feature flag,"Feature flags are a software development concept that allows to enable or disable a feature without modifying the source code or requiring a redeploy. On Mapeo, features under this flag were found under “Experiments” in the Settings","Design and Development team, app users",CoMapeo,,,,,,,"June 13, 2024 2:10 PM",,"June 13, 2024 2:47 PM",Not started
Fieldwork,,,,,,,,,,"November 27, 2023 6:21 PM",,"January 8, 2024 5:36 PM",Not started
Fixes,"Or bugfixes. A bugfix is a change made to software to correct a fault or issue, also known as a software bug.",Design and Development team,"Dev, public - universal",bug (https://www.notion.so/bug-c91cf3d355144e9eb2c94fce9daab335?pvs=21),,,,,,"May 14, 2024 3:29 PM",,"July 17, 2025 7:43 PM",Not started
funder,"A foundation which we have applied to for a grant or have that potential. Separate from paid contract work we might do for an institutional or local partner. Separate from individual donors. Might be restricted to a particular project or unrestricted. Probably requires reporting (ie. we are accountable to them), narrative and financial.",,programs management,,,,,,,"December 2, 2022 9:29 AM",,"July 12, 2023 3:59 PM",Not started
funder relations,,,,,,,,,,"November 27, 2023 7:35 PM",,"January 8, 2024 5:36 PM",Not started
Fundraising,,,,,,,,,,"November 27, 2023 6:21 PM",,"January 8, 2024 5:36 PM",Not started
gathering,,international partners,public - universal,event (https://www.notion.so/event-855112ff14f443fbbb7bca87004cddba?pvs=21),,,,,,"December 7, 2022 1:42 PM",,"July 12, 2023 3:59 PM",Not started
Go to Current Location,A Map UI element that centers the map on the device’s current location when tapped.,"app users, comms, field teams, technical accompaniment",CoMapeo,,"CoMapeo Glossary Updates 2025 #1 @April 15, 2025 (https://www.notion.so/CoMapeo-Glossary-Updates-2025-1-1bc1b08162d58080bbdaf65b08c85b48?pvs=21)  ",,,,,"June 30, 2025 7:42 PM",,"November 25, 2025 8:34 PM",Approved
GPS Accuracy,A Map UI element that indicates GPS accuracy in a specified measurement.,"app users, comms, field teams, technical accompaniment",CoMapeo,,"CoMapeo Glossary Updates 2025 #1 @April 15, 2025 (https://www.notion.so/CoMapeo-Glossary-Updates-2025-1-1bc1b08162d58080bbdaf65b08c85b48?pvs=21)  ",,,,,"June 30, 2025 7:42 PM",,"July 17, 2025 7:28 PM",Approved
graphic design,,,,,,,,,,"November 27, 2023 6:32 PM",,"January 8, 2024 5:36 PM",Not started
Hiring,,,,,,,,,,"November 27, 2023 6:22 PM",,"January 8, 2024 5:36 PM",Not started
Hotfix Release,for addressing an urgent issue that cannot wait until the next scheduled release or a QA cycle.,Design and Development team,Dev,,,,,,,"February 17, 2025 6:56 PM",,"July 17, 2025 7:43 PM",Not started
immersive learning,,,,,,,,,,"November 27, 2023 6:23 PM",,"January 8, 2024 5:36 PM",Not started
Individual Community Ally,"They are individuals who work closely with communities but are not a part of them, but we value their feedback on our visioning exercise and outcomes. Examples: Martí Orta,",,programs management,,,,,,,"December 8, 2022 12:19 PM",,"July 12, 2023 3:59 PM",Not started
initiative,,,programs management,,,,,,,"December 8, 2022 12:12 PM",,"July 12, 2023 3:59 PM",Not started
Inquiry,"An individual or institution that has reached out wanting an intro conversation, training/presentation or possible technical accompaniment",Core team,programs management,process (https://www.notion.so/process-6d66fefb47db49dabc7b2f349eeca1e0?pvs=21),,,,,,"December 2, 2022 9:31 AM",,"April 26, 2024 9:43 AM",Not started
institutional partner,"An organization we work and collaborate with, possibly for funding applications, for tech work, for local partner work. Perhaps most organizations other than local partner orgs and funders would fall here (although there might also be overlaps, a partner could be institutional and funder). eg. Amazon Frontlines, Mapbox, Nia Tero",,programs management,"partner (https://www.notion.so/partner-9d93734086d0492685e4522b04eed7e3?pvs=21), partnership (https://www.notion.so/partnership-ff7ec64636cb443bb4520cf8653828b9?pvs=21)",,,,,,"December 2, 2022 9:29 AM",,"July 12, 2023 3:59 PM",Not started
Institutional relationship,"Example: WRI, Colab,",,programs management,partner (https://www.notion.so/partner-9d93734086d0492685e4522b04eed7e3?pvs=21),,,,,,"December 8, 2022 1:13 PM",,"July 12, 2023 3:59 PM",Not started
Internal Build,"Used for testing a specific feature or bug fix, but not intended for release. ",Design and Development team,Dev,Dev Build (https://www.notion.so/Dev-Build-e33b14ebd37941c0b30f8ec0151ba23c?pvs=21),,,,,,"February 17, 2025 6:51 PM",,"July 17, 2025 7:43 PM",Not started
Intro Screens MVP,Introduction screens at app onboarding with a mandatory prompt for the users to name their device.,,"CM MVP, CoMapeo",,,,,,,"May 20, 2024 5:50 PM",,"May 30, 2024 1:01 PM",Not started
ISS,ISS Erasmus University Rotterdam,"Core team, developers (external), field teams, funders, international partners, local partners, technical accompaniment","ACRONYM, public - universal",,"ISS (https://www.notion.so/ISS-09e3ba9373044a5aa6457894103107d7?pvs=21) ",,,,,"August 18, 2020 1:36 PM",,"April 26, 2024 9:50 AM",Not started
Issues,"Issues are problems or challenges that affect the quality of a product. This includes bugs but also involve feature requests, improvements, or other concerns.","Core team, Design and Development team","Dev, MAPEO issue, QA",bug (https://www.notion.so/bug-c91cf3d355144e9eb2c94fce9daab335?pvs=21),,,,,,"May 14, 2024 3:29 PM",,"July 17, 2025 7:43 PM",Not started
"L2G ","“Local to global” is work we to for public or conference presentations. it includes networking. see Local to Global Engagement (https://www.notion.so/Local-to-Global-Engagement-128ca5ad1ad546fdb5cd307fe8b7e418?pvs=21) ",Awana Digital,"ACRONYM, internal only",,,,,,,"November 27, 2023 6:22 PM",,"April 26, 2024 9:45 AM",Not started
Local partner,"They are groups or individuals that are members of communities (or have strong and meaningful ties with them) with whom we have a certain type of collaboration. These groups may include community-based groups and individuals and trusted not-community organizations & members doing work in the place in close collaboration with communities. In the case of organizations that include non-community members (e.g. PUINAMUDT advisors, Amazon Frontlines, etc.), our decisions are informed and respectful of the considerations and practices of local communities towards these members. “Do they consider them fully included?”, “Which aspects are accessible to them?”, “Are they involved in decision making?”, etc.",,programs management,partner (https://www.notion.so/partner-9d93734086d0492685e4522b04eed7e3?pvs=21),,,,,,"December 8, 2022 1:01 PM",,"July 12, 2023 3:59 PM",Not started
local partner,A group or individual doing direct (implementation?) work to whom we are providing in-person or remote support,Core team,programs management,"partner (https://www.notion.so/partner-9d93734086d0492685e4522b04eed7e3?pvs=21), partnership (https://www.notion.so/partnership-ff7ec64636cb443bb4520cf8653828b9?pvs=21), deep accompaniment partners (https://www.notion.so/deep-accompaniment-partners-2d87fd6e497042bda88982aaca15cf38?pvs=21), Local temporal collaborators (or institutional relationships?) (https://www.notion.so/Local-temporal-collaborators-or-institutional-relationships-f73e573a98f14328878c04ebac5e9232?pvs=21)",,,,"contraparte (https://www.notion.so/contraparte-6111a43f9d644f8985e3f7a54cb21449?pvs=21), Untitled (https://www.notion.so/2331b08162d580a0af55cedba661f39e?pvs=21)",,"December 2, 2022 9:23 AM",,"April 26, 2024 9:43 AM",Not started
Local temporal collaborators (or institutional relationships?),"• Less strong, long or deep relationships than core local partnerships, which have (or we want them to have) less influence on our visioning than core local partnerships.
    ◦ Examples: Panama PNUD, FUNBOSQUE, Nación Achuar, Wapichan, Iepé, (please add)",,programs management,"partner (https://www.notion.so/partner-9d93734086d0492685e4522b04eed7e3?pvs=21), local partner (https://www.notion.so/local-partner-3b536f9ab72e4f839fd31bcacadffc37?pvs=21)",,,,,,"December 8, 2022 12:14 PM",,"July 12, 2023 4:00 PM",Not started
Lodging,"Accommodations, hotels, hostels, camping fees",finance,expensing,partner (https://www.notion.so/partner-9d93734086d0492685e4522b04eed7e3?pvs=21),,,,,,"January 17, 2023 1:33 PM",,"July 12, 2023 4:00 PM",Not started
logistics,,,,,,,,,,"November 27, 2023 7:50 PM",,"January 8, 2024 5:36 PM",Not started
Major Version,"Backwards compatible, scheduled release. Indicates the addition of new features, improvements and bug fixes.  ",Design and Development team,,,,,,,,"May 19, 2025 7:21 PM",,"May 19, 2025 7:28 PM",Not started
Map,The second tab on the lower nav bar that appears first when the app is relaunched; it displays a map view of the area the device is currently located.,"app users, comms, field teams, technical accompaniment",CoMapeo,,"CoMapeo Glossary Updates 2025 #1 @April 15, 2025 (https://www.notion.so/CoMapeo-Glossary-Updates-2025-1-1bc1b08162d58080bbdaf65b08c85b48?pvs=21)  ",,,,,"June 30, 2025 7:42 PM",,"July 17, 2025 7:28 PM",Approved
Map Manager,,,"CM Post-MVP, CoMapeo",,,,,,,"May 29, 2024 5:08 PM",,"May 29, 2024 5:08 PM",Not started
Map Sync?,,,"CM Post-MVP, CoMapeo",,,,,,,"May 23, 2024 2:27 PM",,"May 29, 2024 5:05 PM",Not started
Mapeo (Old),We call this Mapeo Legacy,,"CM MVP, CoMapeo",,,,,,,"May 23, 2024 1:55 PM",,"July 17, 2025 7:45 PM",Out of date / depreciated
Mapeo 6,"New version of Mapeo Desktop and Mobile, to be deployed in 2024 (Cute) We call this CoMapeo",Design and Development team,"CM MVP, CoMapeo, Dev, external but private, internal only","Mapeo Core (https://www.notion.so/Mapeo-Core-b5812fe8bef541e7ad0aa5f4cd52ba53?pvs=21), MVP (https://www.notion.so/MVP-8f965a36a39943b897e29b5a16ff8d37?pvs=21), App Shell (https://www.notion.so/App-Shell-d42122df0a5a453bbf15da8c915e7c4e?pvs=21), Release (https://www.notion.so/Release-7294b9eac1c44b059f499ea8abca2863?pvs=21), Version Number (https://www.notion.so/Version-Number-30ee13241a3645bd949ae886139aabe1?pvs=21), Version Name (https://www.notion.so/Version-Name-9ec7a6c07ca74cb6b48b9bfb52dbed44?pvs=21)","Mapeo 6 UX/Tech Work (https://www.notion.so/Mapeo-6-UX-Tech-Work-ec00e2dabc594a05951831ec28ce93b1?pvs=21) ",,,,,"January 18, 2023 2:44 PM",,"July 17, 2025 7:44 PM",Out of date / depreciated
Mapeo Cloud Sync,A feature that enables a user to sync and backup data to a web-based server (Mapeo Cloud/ Mapeo Web),Design and Development team,"Dev, MAPEO, internal only",Mapeo Core (https://www.notion.so/Mapeo-Core-b5812fe8bef541e7ad0aa5f4cd52ba53?pvs=21),"Feature Definition (https://www.notion.so/Feature-Definition-b62e4508b9834828ad31b1920c86031c?pvs=21) ",,,,also known as : Web Sync,"January 18, 2023 6:58 PM",,"July 17, 2025 7:46 PM",Not started
Mapeo Core,The peer-to-peer database that powers Mapeo,Design and Development team,"CM Post-MVP, CoMapeo, Dev, public - universal","Mapeo 6 (https://www.notion.so/Mapeo-6-80e769d8fb8141e299e6e2f0ed892b73?pvs=21), Mapeo Cloud Sync (https://www.notion.so/Mapeo-Cloud-Sync-acbf75d3c99d48c58e3f31cdd82fc89c?pvs=21)",,,,,,"January 18, 2023 1:05 PM",,"July 17, 2025 7:43 PM",Not started
Mapping On Your Own (formerly Solo),How CoMapeo describes the first-use and default experience of a device that has not yet invited other devices to collaborate on a project.,"app users, comms, field teams, technical accompaniment",CoMapeo,,"CoMapeo Glossary Updates 2025 #1 @April 15, 2025 (https://www.notion.so/CoMapeo-Glossary-Updates-2025-1-1bc1b08162d58080bbdaf65b08c85b48?pvs=21)  ",,,,,"June 30, 2025 7:42 PM",,"November 25, 2025 8:29 PM",Approved
Materials,,,,,,,,,,"November 27, 2023 6:22 PM",,"January 8, 2024 5:36 PM",Not started
meeting,An internal or external meet online or offline that happened. Generally this event had some notes taken and was scheduled via a calendar appt,,programs management,event (https://www.notion.so/event-855112ff14f443fbbb7bca87004cddba?pvs=21),,,,,,"December 2, 2022 9:26 AM",,"July 12, 2023 4:00 PM",Not started
Mentorship,,,,,,,,,,"November 27, 2023 6:22 PM",,"January 8, 2024 5:36 PM",Not started
Menu,A key UI element located in the upper-right-hand corner of the screen across all tabs in the lower nav bar. It displays a device icon that opens the Menu UI when tapped.,"app users, comms, field teams, technical accompaniment",CoMapeo,,"CoMapeo Glossary Updates 2025 #1 @April 15, 2025 (https://www.notion.so/CoMapeo-Glossary-Updates-2025-1-1bc1b08162d58080bbdaf65b08c85b48?pvs=21)  ",,,,,"June 30, 2025 7:42 PM",,"July 17, 2025 7:28 PM",Approved
"methodology ",Filler text,"academia, funders","grant, presentations, public - universal",,,,,methodologia (https://www.notion.so/methodologia-69378352e97749e48a05a3f155f62360?pvs=21),,"December 3, 2022 9:21 AM",,"July 12, 2023 4:00 PM",Not started
Metrics,,,"CM MVP, CoMapeo",,,,,,,"May 29, 2024 5:06 PM",,"May 29, 2024 5:06 PM",Not started
Migration,,,"CM Post-MVP, CoMapeo",,,,,,,"May 29, 2024 5:07 PM",,"May 29, 2024 5:08 PM",Not started
Minor Version,Indicates the addition of a https://www.notion.so/Hotfix-Release-19d1b08162d5804e90fdcba533794b0a?pvs=21,Design and Development team,,,,,,,,"May 19, 2025 7:28 PM",,"May 19, 2025 7:35 PM",Not started
Mozilla,https://www.notion.so/5f0028b5e5c042359ba3e7801776bab7?pvs=21,"Design and Development team, funders","funder reporting, public - universal",,https://foundation.mozilla.org/en/data-futures-lab/,,,,,"January 18, 2023 2:11 PM",,"April 26, 2024 9:43 AM",Not started
MVP,Minimum (or most) viable product : a version of a new product with just enough features to be usable by early users who can then provide feedback for future product development. The goal is to collect the maximum amount of validated learning about users with the least effort.,"Awana Digital, Design and Development team, developers (external)","ACRONYM, Dev, prioritizing",Mapeo 6 (https://www.notion.so/Mapeo-6-80e769d8fb8141e299e6e2f0ed892b73?pvs=21),,,,,,"March 7, 2023 2:19 PM",,"July 17, 2025 7:43 PM",Not started
Named Release,"A term to describe the major versions of CoMapeo that include stable and integrated features and functions into an intuitive and familiar experience. 

Our first named release for Mobile was Abare.","app users, comms, field teams, technical accompaniment",CoMapeo,,"CoMapeo Glossary Updates 2025 #1 @April 15, 2025 (https://www.notion.so/CoMapeo-Glossary-Updates-2025-1-1bc1b08162d58080bbdaf65b08c85b48?pvs=21)  ",,,,,"June 30, 2025 7:42 PM",,"November 25, 2025 8:20 PM",Waiting for approval
New Observation (Observation Editor),A screen that allows a person to create a new Observation.,"app users, comms, field teams, technical accompaniment",CoMapeo,,"CoMapeo Glossary Updates 2025 #1 @April 15, 2025 (https://www.notion.so/CoMapeo-Glossary-Updates-2025-1-1bc1b08162d58080bbdaf65b08c85b48?pvs=21)  ",,,,,"June 30, 2025 7:42 PM",,"July 17, 2025 7:28 PM",Approved
Observation,"CoMapeo’s core feature that enables a person to create a digital note about something at a specific location and specific time. Photo or audio recordings can be added to help show what was observed.

The observation can include descriptions (like ""the leaves were bright green"") and numbers (like ""12 birds were counted""). Whenever possible, the location where the observation was made is included as well, either automatically by CoMapeo or manually by a person using CoMapeo.","app users, comms, field teams, technical accompaniment",CoMapeo,,"CoMapeo Glossary Updates 2025 #1 @April 15, 2025 (https://www.notion.so/CoMapeo-Glossary-Updates-2025-1-1bc1b08162d58080bbdaf65b08c85b48?pvs=21) ",,,,,"June 30, 2025 7:42 PM",,"November 25, 2025 8:08 PM",Approved
Observation,"In a CoMapeo project, an observation refers to a point on the map collected by Mapeo Mobile. It is based on a geographic location (it has https://www.notion.so/complete-reference-guide/glossary-and-quick-reference-sheets/glossary-of-mapeo-related-terms#gps-georeference-coordinate-formats-location) and can have associated photos, notes, and other details.","Core team, Design and Development team, app users",training,,https://docs.mapeo.app/complete-reference-guide/glossary-and-quick-reference-sheets/glossary-of-mapeo-related-terms#observation,,,,,"January 19, 2023 3:55 PM",,"March 4, 2025 7:39 PM",Not started
Observation Metadata (GPS Info),A screen that displays meta data associated with a recorded GPS coordinates.,"app users, comms, field teams, technical accompaniment",CoMapeo,,"CoMapeo Glossary Updates 2025 #1 @April 15, 2025 (https://www.notion.so/CoMapeo-Glossary-Updates-2025-1-1bc1b08162d58080bbdaf65b08c85b48?pvs=21)  ",,,,,"June 30, 2025 7:42 PM",,"July 17, 2025 7:33 PM",Approved
Observations List,The first tab in the lower nav bar that opens a list displaying all of the Current Project’s Observations available on the device.,"app users, comms, field teams, technical accompaniment",CoMapeo,,"CoMapeo Glossary Updates 2025 #1 @April 15, 2025 (https://www.notion.so/CoMapeo-Glossary-Updates-2025-1-1bc1b08162d58080bbdaf65b08c85b48?pvs=21)  ",,,,,"June 30, 2025 7:42 PM",,"July 17, 2025 7:28 PM",Approved
onboarding,the process of joining a new team or organization,non-profits,"""HR""",,,,,,,"November 29, 2022 7:03 PM",,"July 12, 2023 4:01 PM",Not started
OTF,https://www.notion.so/84da7cd804b7413280850f0e44f46906?pvs=21,"Design and Development team, funders","ACRONYM, funder reporting, public - universal",,https://www.opentech.fund/,,,,,"January 18, 2023 1:21 PM",,"April 26, 2024 9:43 AM",Not started
Participant,The role of a device with permission to contribute to a specified project and Exchange with others on that project whenever both devices are connected to the same router and/or over the internet.,"app users, comms, field teams, technical accompaniment",CoMapeo,,"CoMapeo Glossary Updates 2025 #1 @April 15, 2025 (https://www.notion.so/CoMapeo-Glossary-Updates-2025-1-1bc1b08162d58080bbdaf65b08c85b48?pvs=21)  ",,,,,"June 30, 2025 7:42 PM",,"November 25, 2025 8:28 PM",Approved
partner,An entity: Any group or individual we have a reciprocal relationship with at the institutional level,,programs management,"local partner (https://www.notion.so/local-partner-3b536f9ab72e4f839fd31bcacadffc37?pvs=21), institutional partner (https://www.notion.so/institutional-partner-c5579a2987ba4140983cfb9051940312?pvs=21), partnership (https://www.notion.so/partnership-ff7ec64636cb443bb4520cf8653828b9?pvs=21), Local temporal collaborators (or institutional relationships?) (https://www.notion.so/Local-temporal-collaborators-or-institutional-relationships-f73e573a98f14328878c04ebac5e9232?pvs=21), deep accompaniment partners (https://www.notion.so/deep-accompaniment-partners-2d87fd6e497042bda88982aaca15cf38?pvs=21), community or local(?) partners (https://www.notion.so/community-or-local-partners-87d222a91c1c4a2b9cd2c1919e498363?pvs=21), Local partner (https://www.notion.so/Local-partner-6bf1d71589104422a413d7179b82429f?pvs=21), Institutional relationship (https://www.notion.so/Institutional-relationship-2f35e2eefada4d2dac5ab46b882aceb9?pvs=21), community (https://www.notion.so/community-dd2f5abf448745408fc5fc3197f22bdb?pvs=21), Lodging (https://www.notion.so/Lodging-524812a6dea546b68e884c7f4a6fc38a?pvs=21)",,,,,,"December 2, 2022 9:23 AM",,"January 8, 2024 5:48 PM",Not started
partnership,a relationship between two or more parties that generates energy or impact grater than individual capacity (jen’s suggestion  july 2023),"academia, deep accompaniment, field teams, funders, international partners, local partners, non-profits, social movements",programs management,"partner (https://www.notion.so/partner-9d93734086d0492685e4522b04eed7e3?pvs=21), local partner (https://www.notion.so/local-partner-3b536f9ab72e4f839fd31bcacadffc37?pvs=21), deep accompaniment partners (https://www.notion.so/deep-accompaniment-partners-2d87fd6e497042bda88982aaca15cf38?pvs=21), institutional partner (https://www.notion.so/institutional-partner-c5579a2987ba4140983cfb9051940312?pvs=21), community or local(?) partners (https://www.notion.so/community-or-local-partners-87d222a91c1c4a2b9cd2c1919e498363?pvs=21)",,,,,,"December 2, 2022 9:32 AM",,"July 12, 2023 4:06 PM",Not started
pathway,,,,,,,,Recorrido (https://www.notion.so/Recorrido-c67a9ed385014749a75eaec9cca65e5f?pvs=21),,"December 6, 2022 7:53 PM",,"July 12, 2023 4:01 PM",Not started
Peer-to-peer,"Also called P2P, it refers to a https://www.notion.so/complete-reference-guide/glossary-and-quick-reference-sheets/glossary-of-mapeo-related-terms#data
or network that connects all different devices participating in a project, such as cell phones or computers.","Core team, Design and Development team, app users, developers (external)","Dev, presentations, public - universal, training",,https://docs.mapeo.app/complete-reference-guide/glossary-and-quick-reference-sheets/glossary-of-mapeo-related-terms#peer-to-peer,,,,,"January 19, 2023 3:56 PM",,"July 17, 2025 7:43 PM",Not started
Photo Info,A screen that displays the expanded view of an Observation Photo including its meta data.,"app users, comms, field teams, technical accompaniment",CoMapeo,,"CoMapeo Glossary Updates 2025 #1 @April 15, 2025 (https://www.notion.so/CoMapeo-Glossary-Updates-2025-1-1bc1b08162d58080bbdaf65b08c85b48?pvs=21)  ",,,,,"June 30, 2025 7:42 PM",,"July 17, 2025 7:28 PM",Approved
Planning,,,,,,,,,,"November 27, 2023 6:22 PM",,"January 8, 2024 5:36 PM",Not started
PR,Pull Request is a mechanism for a contributor/developer to notify they are ready to begin the process of merging new code changes with the main project repository,Design and Development team,"ACRONYM, Dev","QA (https://www.notion.so/QA-c4734b2b2fa34511a2311e0480d22d2d?pvs=21), YOLO merge (https://www.notion.so/YOLO-merge-cee7520cf85247e6909a70757fb59e76?pvs=21)",,,,,,"October 8, 2020 2:11 PM",,"July 17, 2025 7:43 PM",Not started
process,a set of steps that are defined or emergent that facilitate change,,programs management,"Inquiry (https://www.notion.so/Inquiry-2afd6d8d7653440bb802fb151c3f8cdd?pvs=21), training (https://www.notion.so/training-774e7435d931462698b3d9885e2c34b0?pvs=21), QA (https://www.notion.so/QA-c4734b2b2fa34511a2311e0480d22d2d?pvs=21)",,,,,,"December 2, 2022 9:25 AM",,"July 12, 2023 4:01 PM",Not started
Product support,,,,,,,,,,"November 27, 2023 6:23 PM",,"January 8, 2024 5:36 PM",Not started
program,,,programs management,,,,,,,"December 2, 2022 9:23 AM",,"July 12, 2023 4:01 PM",Not started
PROGRAM (DD PROGRAM),"The core funded work we do which includes Local to Global Engagement (https://www.notion.so/Local-to-Global-Engagement-128ca5ad1ad546fdb5cd307fe8b7e418?pvs=21) Our Technologies  - ARCHIVE (https://www.notion.so/Our-Technologies-ARCHIVE-0973811e79244aa6a92a86557e5afc53?pvs=21) Untitled (https://www.notion.so/189965486ca94ae5b0657189fbfead2c?pvs=21), specificaly our work supporting  Partners/Users - Data Management (https://www.notion.so/Partners-Users-Data-Management-ff1f909ace64499b81570c46c1cc25cd?pvs=21) ",,"funder reporting, presentations, programs management",,,,,,,"December 2, 2022 9:20 AM",,"July 12, 2023 4:01 PM",Not started
Project,A core feature that enables people to manage a collaborative territorial database for multiple devices to share gathered Observations.,"app users, comms, field teams, technical accompaniment",CoMapeo,,"CoMapeo Glossary Updates 2025 #1 @April 15, 2025 (https://www.notion.so/CoMapeo-Glossary-Updates-2025-1-1bc1b08162d58080bbdaf65b08c85b48?pvs=21)  ",,,,,"June 30, 2025 7:42 PM",,"July 17, 2025 7:28 PM",Approved
project,A contained focus with concrete boundaries of time or objective marker of completion,,programs management,,,,,,,"December 2, 2022 9:23 AM",,"July 27, 2023 8:16 PM",Not started
Project Data (Metrics),Data measurements about a Project and gathered with consent by Awana Digital/CoMapeo that can be made stealth at anytime.,"app users, comms, field teams, technical accompaniment",CoMapeo,,"CoMapeo Glossary Updates 2025 #1 @April 15, 2025 (https://www.notion.so/CoMapeo-Glossary-Updates-2025-1-1bc1b08162d58080bbdaf65b08c85b48?pvs=21)  ",,,,,"June 30, 2025 7:42 PM",,"July 17, 2025 7:28 PM",Approved
Project Info,"A screen where only coordinators can edit and update a project’s name, description, and color.","app users, comms, field teams, technical accompaniment",CoMapeo,,"CoMapeo Glossary Updates 2025 #1 @April 15, 2025 (https://www.notion.so/CoMapeo-Glossary-Updates-2025-1-1bc1b08162d58080bbdaf65b08c85b48?pvs=21)  ",,,,,"June 30, 2025 7:42 PM",,"November 25, 2025 8:24 PM",Waiting for approval
Project Invite,"Easy-to-create, encrypted projects, using a project key that is securely and randomly generated inside the app and is shared with others via secure invites. This will be used to easily add other devices to a CoMapeo project, manage that project and have overall better visibility on who is part of the project.",,"CM MVP, CoMapeo",,,,,,,"May 20, 2024 5:47 PM",,"May 30, 2024 1:01 PM",Not started
PUINAMUDT,Northern Peru - 4 cuencas,"Core team, field teams, funders, international partners, local partners, technical accompaniment, volunteers","ACRONYM, public - universal",,"PUINAMUDT (4 Cuencas Platform) (https://www.notion.so/PUINAMUDT-4-Cuencas-Platform-62a3f07ddd244181bcde0e5aff115455?pvs=21) ",PUINAMUDT | Partnership (https://www.notion.so/PUINAMUDT-Partnership-2e7b3f79a77041308b27605e56b0c358?pvs=21),,,,"August 18, 2020 1:38 PM",,"April 26, 2024 9:43 AM",Not started
QA,Quality Assurance,"Core team, Design and Development team, tool testers","ACRONYM, Dev","PR (https://www.notion.so/PR-4f94db11731b413499a4a439c3a2355b?pvs=21), process (https://www.notion.so/process-6d66fefb47db49dabc7b2f349eeca1e0?pvs=21)",,,,,,"October 8, 2020 3:21 PM",,"July 17, 2025 7:43 PM",Not started
rabbit hole,"A space of spiraling questions that are filled with rich details that are often cute and fuzzy and difficult to capture ","Core team, Design and Development team, Internal only, developers (external)",internal only,,,,"Note the topic for future discussions, re-identify the objective of the discussion and get back on track",,,"May 12, 2020 10:24 AM",,"April 26, 2024 9:50 AM",Not started
Release,The latest available grouping of app updates,"app users, comms, field teams, technical accompaniment",CoMapeo,,"CoMapeo Glossary Updates 2025 #1 @April 15, 2025 (https://www.notion.so/CoMapeo-Glossary-Updates-2025-1-1bc1b08162d58080bbdaf65b08c85b48?pvs=21)  ",,,,,"June 30, 2025 7:42 PM",,"November 25, 2025 8:21 PM",Waiting for approval
Release,"Is a version of a  product generated from code (app, maptiles, config files). A release is a version of the product that has been compiled and could be ready for testing or deployment. ","Awana Digital, Design and Development team","Dev, QA, public - universal","Dev Build (https://www.notion.so/Dev-Build-e33b14ebd37941c0b30f8ec0151ba23c?pvs=21), Data Continuity  (https://www.notion.so/Data-Continuity-054ce99e743d4c038f2d1b133bcaebfd?pvs=21), Mapeo 6 (https://www.notion.so/Mapeo-6-80e769d8fb8141e299e6e2f0ed892b73?pvs=21)",,,,,,"November 9, 2023 12:58 PM",,"July 17, 2025 7:43 PM",Not started
Release Build,"Build that we actually release, to distribute to users for production use (either via the play store, or via APK, or both).",Design and Development team,Dev,Dev Build (https://www.notion.so/Dev-Build-e33b14ebd37941c0b30f8ec0151ba23c?pvs=21),,,,,,"February 17, 2025 6:53 PM",,"July 17, 2025 7:43 PM",Not started
Release Candidate Build,"Build that we think is ready for release (either as a scheduled release or a hotfix release). Once tested, the RC becomes a release build. QA will test this build.",Design and Development team,Dev,Dev Build (https://www.notion.so/Dev-Build-e33b14ebd37941c0b30f8ec0151ba23c?pvs=21),,,,,,"February 17, 2025 6:52 PM",,"July 17, 2025 7:43 PM",Not started
Remote Archive*,"A dedicated and private server used to share observations and project data using internet connectivity. 

(formerly called Mapeo Cloud)","app users, comms, field teams, technical accompaniment",CoMapeo,,"CoMapeo Glossary Updates 2025 #1 @April 15, 2025 (https://www.notion.so/CoMapeo-Glossary-Updates-2025-1-1bc1b08162d58080bbdaf65b08c85b48?pvs=21)  ",,,,,"June 30, 2025 7:42 PM",,"November 25, 2025 8:11 PM",Waiting for approval
Remote support,,,,,,,,,,"November 27, 2023 6:22 PM",,"January 8, 2024 5:36 PM",Not started
Reporting to funders,,,,,,,,,,"November 27, 2023 6:22 PM",,"January 8, 2024 5:36 PM",Not started
Role,How CoMapeo describes one of two user types,"app users, comms, field teams, technical accompaniment",CoMapeo,,"CoMapeo Glossary Updates 2025 #1 @April 15, 2025 (https://www.notion.so/CoMapeo-Glossary-Updates-2025-1-1bc1b08162d58080bbdaf65b08c85b48?pvs=21)  ",,,,,"June 30, 2025 7:42 PM",,"November 25, 2025 8:27 PM",Approved
RSI,repetitive stress injuries,,ACRONYM,,,,,,,"August 19, 2020 11:34 AM",,"July 12, 2023 4:02 PM",Not started
Scale,A Map UI element that displays the Map’s current scale.,"app users, comms, field teams, technical accompaniment",CoMapeo,,"CoMapeo Glossary Updates 2025 #1 @April 15, 2025 (https://www.notion.so/CoMapeo-Glossary-Updates-2025-1-1bc1b08162d58080bbdaf65b08c85b48?pvs=21)  ",,,,,"June 30, 2025 7:42 PM",,"July 17, 2025 7:28 PM",Approved
Scheduled Release,"a planned release normally with new features, based on the current codebase. ",,Dev,,,,,,,"February 17, 2025 6:56 PM",,"July 17, 2025 7:43 PM",Not started
Share,"A feature that enables a person using CoMapeo to send Observation data or metadata as text with outside of the app. Photos are sent as attachments. Audios must be sent separately ","app users, comms, field teams, technical accompaniment",CoMapeo,,"CoMapeo Glossary Updates 2025 #1 @April 15, 2025 (https://www.notion.so/CoMapeo-Glossary-Updates-2025-1-1bc1b08162d58080bbdaf65b08c85b48?pvs=21)  ",,,,,"June 30, 2025 7:42 PM",,"August 11, 2025 8:18 AM",Approved
social media,,,,,,,,,,"November 27, 2023 7:13 PM",,"January 8, 2024 5:36 PM",Not started
software engineering,,,,,,,,,,"November 27, 2023 7:50 PM",,"January 8, 2024 5:36 PM",Not started
Sprint,"A sprint is a short, time-boxed period when a team works to complete a set amount of work. Teams plan a single sprint at a time and adapt future sprints based on the outcome of the previous one. Part of https://www.wrike.com/project-management-guide/agile-methodology-basics/","Design and Development team, developers (external)",,Sprint retrospective (https://www.notion.so/Sprint-retrospective-e6fd335ba8ab452fb1b02de02bdac6ec?pvs=21),,,,,,"March 27, 2023 12:38 PM",,"April 26, 2024 9:50 AM",Not started
Sprint retrospective,A sprint retrospective is is a recurring meeting dedicated to discussing what went well and what can be improved in a sprint.,"Design and Development team, developers (external)",Dev,Sprint (https://www.notion.so/Sprint-68f0e3cff98e4128a0de4066e89bb71d?pvs=21),,,,,,"June 28, 2023 1:42 PM",,"July 17, 2025 7:43 PM",Not started
strategy,,"non-profits, social movements",,tactic (https://www.notion.so/tactic-a856a3aff030405cb34b7928091f2736?pvs=21),,,,,,"December 3, 2022 9:17 AM",,"July 12, 2023 4:02 PM",Not started
"Sync ",p2p a pair at a time,,MAPEO,,,,,,,"May 20, 2024 5:47 PM",,"July 17, 2025 7:47 PM",Not started
Sync Party,A concept we aspired to  in Mapeo but rebuilt from the bottom up creating CoMapeo. The feature is called Exchange,,"CM MVP, CoMapeo",,,,,,,"May 30, 2024 12:49 PM",,"July 17, 2025 7:46 PM",Out of date / depreciated
Sync Progress,,,MAPEO,,,,,,,"May 30, 2024 12:48 PM",,"July 17, 2025 7:47 PM",Not started
Sync Settings,This is function is related to Media Manager.  But what is it called?,,CoMapeo,,,,,,,"June 14, 2024 1:21 AM",,"July 17, 2025 7:49 PM",Out of date / depreciated
systems design,,,,,,,,,,"November 27, 2023 6:32 PM",,"January 8, 2024 5:36 PM",Not started
tactic,,social movements,public - universal,strategy (https://www.notion.so/strategy-5a9c1feb35c649fbae25e2aaceba9a59?pvs=21),,,,,,"December 3, 2022 9:19 AM",,"July 12, 2023 4:02 PM",Not started
Team,"A group of devices connected and participating on the same Project. In the future this might include read-only devices, no-read devices, no-write devices (e.g. a local raspberry pi stores end-to-end encrypted data).","app users, comms, field teams, technical accompaniment",CoMapeo,,"CoMapeo Glossary Updates 2025 #1 @April 15, 2025 (https://www.notion.so/CoMapeo-Glossary-Updates-2025-1-1bc1b08162d58080bbdaf65b08c85b48?pvs=21)  ",,,,,"June 30, 2025 7:42 PM",,"November 25, 2025 8:24 PM",Approved
Team Capacity Building,,,,,,,,,,"November 27, 2023 6:22 PM",,"January 8, 2024 5:36 PM",Not started
tech ops,,,,,,,,,,"November 27, 2023 6:31 PM",,"January 8, 2024 5:36 PM",Not started
Tech support,ny type of support with hardware or sofetware,,,,,,,,,"November 27, 2023 6:22 PM",,"January 8, 2024 5:47 PM",Not started
technical partners,"A relationship with a community, organisation or individual who is contributing to one of our technology products. This could be either development or testing ",,"Dev, programs management",,,,,,,"December 8, 2022 12:13 PM",,"July 17, 2025 7:43 PM",Not started
Tracks,"The fourth tab on the lower nav bar that brings up the new Tracks UI and enables a person to start and stop recording points along a path. Adding the ability to record a georeferenced track of the route users travel. This will add a new dimension to evidence and story-telling, enabling users to record the track of an illegal logging road, or the boundary of a deforested area.","app users, comms, field teams, technical accompaniment",CoMapeo,,"CoMapeo Glossary Updates 2025 #1 @April 15, 2025 (https://www.notion.so/CoMapeo-Glossary-Updates-2025-1-1bc1b08162d58080bbdaf65b08c85b48?pvs=21)  ",,,,,"June 30, 2025 7:42 PM",,"July 17, 2025 7:28 PM",Approved
Training,,,,,,,,,,"November 27, 2023 6:23 PM",,"January 8, 2024 5:36 PM",Not started
training,Transmission of specific skills and knowledge from someone with experience in using those specific skills,,programs management,"trip (https://www.notion.so/trip-2f7f1a35260640e6a3fb52985cb680ee?pvs=21), process (https://www.notion.so/process-6d66fefb47db49dabc7b2f349eeca1e0?pvs=21), event (https://www.notion.so/event-855112ff14f443fbbb7bca87004cddba?pvs=21)",,,,,,"December 2, 2022 9:32 AM",,"July 12, 2023 4:02 PM",Not started
transformative justice,,,"""HR""",,,,,,,"December 14, 2022 1:29 PM",,"July 12, 2023 4:02 PM",Not started
trip,"national or international, travel away from team member’s/s’ home/s for work. In Programs team this probably usually refers to visits to  partners for training or other activities. Team retreats / meetings and journeys for conferences perhaps are separately defined.",,programs management,"activity (https://www.notion.so/activity-51cc0ee6d21843118f740128c8972694?pvs=21), training (https://www.notion.so/training-774e7435d931462698b3d9885e2c34b0?pvs=21), event (https://www.notion.so/event-855112ff14f443fbbb7bca87004cddba?pvs=21)",,,,,,"December 2, 2022 9:26 AM",,"July 12, 2023 4:02 PM",Not started
User Requirement,"In tech, user requirements are specific details (sometimes highly technical) on how the product should work to solve a problem. ","Internal only, deep accompaniment","Dev, internal only, prioritizing",User Story (https://www.notion.so/User-Story-9c44c8f723dc49a6bf809a318a560471?pvs=21),,,,,Example : The user is allowed to reset their password once they have received a password reset email. The email should contain a unique link for resetting the password and that link should expire after two hours.,"May 14, 2024 3:26 PM",,"July 17, 2025 7:43 PM",Not started
User Story,"In tech, user stories emphasize the user’s perspective, addressing a single goal or interaction. Usually one sentence following this structure : As a _______, I want to ___________ so that I ___________________","Internal only, deep accompaniment","Dev, internal only, prioritizing",User Requirement (https://www.notion.so/User-Requirement-e36817bfff874bf6b0b2d8a8c4e743ae?pvs=21),,,,,"Example : As a user, I want to be able to reset my password so I can get back into the system if I forget it.","May 14, 2024 3:22 PM",,"July 17, 2025 7:43 PM",Not started
UX research,,,,,,,,,,"November 27, 2023 6:32 PM",,"January 8, 2024 5:36 PM",Not started
UX/UI design,,,,,,,,,,"November 27, 2023 6:23 PM",,"January 8, 2024 5:36 PM",Not started
Validated,A descriptor for all GPS coordinates and photos recorded using CoMapeo used as a means to strengthen its proof of evidence. Will eventually Include exposing a history of changes as well.,"app users, comms, field teams, technical accompaniment",CoMapeo,,"CoMapeo Glossary Updates 2025 #1 @April 15, 2025 (https://www.notion.so/CoMapeo-Glossary-Updates-2025-1-1bc1b08162d58080bbdaf65b08c85b48?pvs=21)  ",,,,,"June 30, 2025 7:42 PM",,"July 17, 2025 7:28 PM",Approved
Version Name,"A word based identifier for product versions that have significant changes from previous versions. ","Awana Digital, Design and Development team","Dev, public - universal",Mapeo 6 (https://www.notion.so/Mapeo-6-80e769d8fb8141e299e6e2f0ed892b73?pvs=21),,,,,,"November 9, 2023 1:20 PM",,"July 17, 2025 7:43 PM",Not started
Version Number,Version number relates to the different versions of a product that is released. Each version that is released receives a version number.,"Awana Digital, Design and Development team","Dev, public - universal",Mapeo 6 (https://www.notion.so/Mapeo-6-80e769d8fb8141e299e6e2f0ed892b73?pvs=21),,,,,,"November 9, 2023 1:17 PM",,"July 17, 2025 7:43 PM",Not started
vetting,,,,,,,,,,"November 27, 2023 6:41 PM",,"January 8, 2024 5:36 PM",Not started
web admin,,,,,,,,,,"November 27, 2023 7:09 PM",,"January 8, 2024 5:36 PM",Not started
Web design,,,,,,,,,,"November 27, 2023 6:33 PM",,"January 8, 2024 5:36 PM",Not started
Web development,,,,,,,,,,"November 27, 2023 7:09 PM",,"January 8, 2024 5:36 PM",Not started
Webpages,,,,,,,,,,"November 27, 2023 7:09 PM",,"January 8, 2024 5:36 PM",Not started
workshop,,,,event (https://www.notion.so/event-855112ff14f443fbbb7bca87004cddba?pvs=21),,,,,,"December 7, 2022 1:42 PM",,"July 12, 2023 4:02 PM",Not started
YOLO merge,"Merging code without review.

Normally, code is reviewed before being merged. “YOLO merging” skirts this. It asks forgiveness, not permission.

Typically, this is for trivial, non-controversial changes. It can be a bit risky.",developers (external),"Dev, internal only",PR (https://www.notion.so/PR-4f94db11731b413499a4a439c3a2355b?pvs=21),,,,,,"May 16, 2024 1:33 PM",,"July 17, 2025 7:43 PM",Not started